model,base_model,seed,policy,curiosity,w_epistemic,assay_variant,unique_viewpoints,scan_depth,sensory_entropy,neutral_sensory_entropy,viewpoint_entropy,unique_states,travel_distance,net_displacement,tortuosity,cycle_score,cycle_best_L,action_entropy,move_ratio,turn_ratio,turn_in_place_rate,blocked_forward_rate,true_stall_rate,revisit_rate,scan_events,hazard_contacts,boundary_hugging_fraction,internal_actuator_fraction,max_occupancy_fraction,occupancy_entropy,dwell_mean,dwell_median,dwell_p90,dwell_p99,dwell_max,vp_dwell_mean,vp_dwell_p90,vp_dwell_max,mean_valence,mean_arousal,mean_Ns,mean_bb_err,mean_precision_eff,mean_alpha_eff
Ipsundrum_Affect,humphrey_barrett,0,feelings,True,0.35,neutral_texture,120,2.3076923076923075,0.0,4.519643364169552,6.533187185984785,52,117.0,17,6.882352536332204,20,2,1.2241559999203833,0.68,0.32,0.32,0.095,0.095,0.4,27,0,0.535,1.0,0.12,5.282760764025006,1.694915254237288,1.0,3.0,9.319999999999993,18.0,1.098901098901099,1.0,18.0,0.5323208334661934,0.17599196774373943,0.6784767534031679,1.40303749960142,1.087709073090072,0.8164582660252516
Ipsundrum_Affect,humphrey_barrett,1,feelings,True,0.35,neutral_texture,131,2.0793650793650795,0.0,4.697190623211738,6.77919142474029,63,111.0,13,8.538460881656857,0,0,1.3547995485050872,0.61,0.39,0.39,0.055,0.055,0.345,33,0,0.22,1.0,0.075,5.4722299322509125,1.8018018018018018,1.0,3.0,5.0,10.0,1.0582010582010581,1.0,5.0,0.5443970430609509,0.17066523826830887,0.6730277272303868,1.3668088708171473,1.0850515081928283,0.8147549658399771
Ipsundrum_Affect,humphrey_barrett,2,feelings,True,0.35,neutral_texture,153,2.04,0.0454146923337941,4.7925825675671785,7.128758439731472,75,126.0,12,10.499999125000073,0,0,1.3157831791862378,0.63,0.37,0.37,0.0,0.0,0.235,29,0,0.475,1.0,0.05,5.909058740056833,1.5748031496062993,1.0,3.0,7.699999999999974,10.0,1.0,1.0,1.0,0.5328267294113371,0.17524889523984918,0.6793841867239084,1.4015198117659884,1.0873041903545113,0.8157485825030306
Ipsundrum_Affect,humphrey_barrett,3,feelings,True,0.35,neutral_texture,171,1.8,0.19293469635803695,4.929220689596916,7.294484674870104,95,131.0,9,14.555553938271785,0,0,1.233347544458767,0.675,0.325,0.325,0.02,0.02,0.145,27,0,0.465,1.0,0.055,6.245892171231298,1.5267175572519085,1.0,3.0,4.699999999999989,11.0,1.0204081632653061,1.0,3.0,0.5251100402181573,0.18171513664715924,0.6840615145712923,1.4246698793455284,1.0905381055394618,0.8168674951052111
Ipsundrum_Affect,humphrey_barrett,4,feelings,True,0.35,neutral_texture,156,1.95,0.0,4.66126117578857,7.172532877242286,80,139.0,13,10.692306869822549,0,0,1.1587212463394043,0.71,0.29,0.29,0.015,0.015,0.22,21,0,0.445,1.0,0.06,5.98086766012654,1.4285714285714286,1.0,2.0,4.0,12.0,1.015228426395939,1.0,3.0,0.5474946615181584,0.17269648747758334,0.6699924285065305,1.3575160154455248,1.0860145931949992,0.8172239569984192
Ipsundrum_Affect,humphrey_barrett,5,feelings,True,0.35,neutral_texture,143,2.2698412698412698,0.19293469635803695,4.5978191083071005,7.0236606896882,63,122.0,4,30.499992375001906,0,0,1.3385428223169153,0.615,0.385,0.385,0.005,0.005,0.285,33,0,0.225,1.0,0.055,5.65176128392804,1.639344262295082,1.0,3.0,5.789999999999992,8.0,1.0050251256281406,1.0,2.0,0.5013982915425792,0.1862103248055548,0.6988819364640192,1.4958051253722624,1.0927477024442442,0.8168260887391923
Ipsundrum_Affect,humphrey_barrett,6,feelings,True,0.35,neutral_texture,127,2.189655172413793,0.3255890191175833,4.290293925577267,6.37344714810105,58,104.0,16,6.499999593750025,34,2,1.2234791853706584,0.68,0.32,0.32,0.16,0.16,0.365,30,0,0.525,1.0,0.16,5.184639656262041,1.9047619047619047,1.0,3.0,11.839999999999975,27.0,1.183431952662722,1.0,27.0,0.5277873746190753,0.17739668848499437,0.679784000599517,1.4166378761427743,1.0884268351259134,0.8177112570243531
Ipsundrum_Affect,humphrey_barrett,7,feelings,True,0.35,neutral_texture,141,2.073529411764706,0.2747433140607801,4.7573977563066645,6.917166388173966,68,121.0,17,7.117646640138433,2,2,1.2744709127897678,0.655,0.345,0.345,0.05,0.05,0.295,28,0,0.42,1.0,0.095,5.670010267004102,1.639344262295082,1.0,3.0,7.0,10.0,1.0471204188481675,1.0,7.0,0.5092046119183974,0.18317278479372923,0.6931850908411379,1.4723861642448077,1.0912616682751717,0.8177958298164429
Ipsundrum_Affect,humphrey_barrett,8,feelings,True,0.35,neutral_texture,59,2.269230769230769,0.0454146923337941,3.790066813938742,4.697749102782544,26,81.0,11,7.3636356942149375,19,3,1.4945999286092595,0.505,0.495,0.495,0.1,0.1,0.705,81,0,0.76,1.0,0.375,3.3375950170926583,2.4390243902439024,1.0,3.0,15.459999999999923,43.0,1.1111111111111112,2.0,2.0,0.5275369907637936,0.17417922604451683,0.6844215653253477,1.4173890277086192,1.0867186546319807,0.8151496397850901
Ipsundrum_Affect,humphrey_barrett,9,feelings,True,0.35,neutral_texture,162,1.9285714285714286,0.0,4.621745873039955,7.241209564709836,84,121.0,9,13.444442950617452,0,0,1.350162774748601,0.61,0.39,0.39,0.005,0.005,0.19,30,0,0.15,1.0,0.06,6.043398847259924,1.6528925619834711,1.0,3.0,5.0,10.0,1.0050251256281406,1.0,2.0,0.5472673094463308,0.16924671182445272,0.6718088636962573,1.3581980716610076,1.0843040414721985,0.8144749035038406
Ipsundrum_Affect,humphrey_barrett,10,feelings,True,0.35,neutral_texture,166,1.9761904761904763,0.1261351476101941,4.6055052927319595,7.25875843973147,84,130.0,16,8.12499949218753,0,0,1.2536064417968515,0.665,0.335,0.335,0.015,0.015,0.17,22,0,0.19,1.0,0.065,6.036686902084579,1.5384615384615385,1.0,2.0,5.709999999999994,11.0,1.015228426395939,1.0,4.0,0.5359703111491053,0.1736514746590724,0.6769856080134907,1.3920890665526844,1.0865337123025198,0.8153789376332959
Ipsundrum_Affect,humphrey_barrett,11,feelings,True,0.35,neutral_texture,68,2.125,0.4125426691977456,3.603540394473709,4.9695529509713845,32,80.0,16,4.999999687500019,73,2,1.1670902932810885,0.705,0.295,0.295,0.305,0.305,0.66,24,1,0.615,1.0,0.345,3.806663065120165,2.4691358024691357,1.0,3.0,16.600000000000136,55.0,1.4285714285714286,1.0,55.0,0.5176422167525468,0.17812247876539572,0.6849815981065689,1.4470733497423596,1.0887661433599698,0.8189858620985965
Ipsundrum_Affect,humphrey_barrett,12,feelings,True,0.35,neutral_texture,125,2.232142857142857,0.14144054254182067,4.837082097311679,6.775612487316012,56,120.0,12,9.999999166666736,0,0,1.351834963635044,0.61,0.39,0.39,0.01,0.01,0.375,27,0,0.32,1.0,0.065,5.3945810513476475,1.6528925619834711,1.0,3.0,5.0,10.0,1.0101010101010102,1.0,2.0,0.5083666772498453,0.1900163490487406,0.6909334040383109,1.4748999682504644,1.094645244503175,0.8202364793792905
Ipsundrum_Affect,humphrey_barrett,13,feelings,True,0.35,neutral_texture,174,1.851063829787234,0.08079313589591118,4.7394383273883225,7.358758439731472,94,136.0,12,11.333332388888968,0,0,1.2234791853706584,0.68,0.32,0.32,0.0,0.0,0.13,19,0,0.225,1.0,0.055,6.24211773372048,1.4598540145985401,1.0,2.0,3.0,9.0,1.0,1.0,1.0,0.5282916449025467,0.1773150705148517,0.6835232301494695,1.4151250652923602,1.0882792705319435,0.8160604691000708
Ipsundrum_Affect,humphrey_barrett,14,feelings,True,0.35,neutral_texture,156,2.0526315789473686,0.16866093149667025,4.850724935702367,7.088678377576453,76,118.0,10,11.799998820000118,0,0,1.337852172015368,0.62,0.38,0.38,0.03,0.03,0.22,35,0,0.335,1.0,0.09,5.781509865035198,1.694915254237288,1.0,3.0,8.829999999999998,13.0,1.0309278350515463,1.0,4.0,0.5230007790539889,0.18033680858888101,0.683230617214862,1.4309976628380332,1.0898828106859793,0.8171802350733303
Ipsundrum_Affect,humphrey_barrett,15,feelings,True,0.35,neutral_texture,121,2.0166666666666666,0.0,4.39988492040008,6.244185154351937,60,95.0,15,6.33333291111114,4,3,1.429702221492409,0.55,0.45,0.45,0.075,0.075,0.395,59,0,0.53,1.0,0.225,4.99501203658233,2.0833333333333335,1.0,3.5,9.449999999999974,18.0,1.075268817204301,1.0,2.0,0.5266926261102368,0.1756645597149146,0.6835266833236316,1.4199221216692894,1.087531961494746,0.8160487894151766
Ipsundrum_Affect,humphrey_barrett,16,feelings,True,0.35,neutral_texture,121,2.1228070175438596,0.08079313589591118,4.573000249454788,6.727368784857289,57,136.0,8,16.99999787500027,0,0,1.2132460013245148,0.68,0.32,0.32,0.0,0.0,0.395,17,0,0.1,1.0,0.07,5.445093138290476,1.4705882352941178,1.0,2.0,3.0,9.0,1.0,1.0,1.0,0.5443044544195261,0.16857135277662402,0.6734281476289837,1.3670866367414214,1.083981435836868,0.814094941237639
Ipsundrum_Affect,humphrey_barrett,17,feelings,True,0.35,neutral_texture,161,2.236111111111111,0.0454146923337941,4.674484652726573,7.188049892481089,72,129.0,7,18.428568795918743,0,0,1.276611706066024,0.65,0.35,0.35,0.005,0.005,0.195,27,0,0.17,1.0,0.08,5.865046817623728,1.550387596899225,1.0,2.0,5.719999999999999,14.0,1.0050251256281406,1.0,2.0,0.5121662385906433,0.18250780322389212,0.6934389362569493,1.4635012842280701,1.0909023452071147,0.8166609502654884
Ipsundrum_Affect,humphrey_barrett,18,feelings,True,0.35,neutral_texture,144,2.0869565217391304,0.08079313589591118,4.712582567567177,6.958388270125732,69,112.0,2,55.999972000014,0,0,1.3963622652664198,0.575,0.425,0.425,0.015,0.015,0.28,41,0,0.26,1.0,0.08,5.592601814093246,1.7857142857142858,1.0,3.0,6.780000000000001,11.0,1.015228426395939,1.0,2.0,0.5268264098690584,0.17978575048368664,0.6840626882863206,1.4195207703928248,1.089489059675096,0.8155906948139972
Ipsundrum_Affect,humphrey_barrett,19,feelings,True,0.35,neutral_texture,161,1.8941176470588235,0.0,4.685817102156077,7.220710237359287,85,138.0,18,7.6666662407407635,0,0,1.1515068031894005,0.7,0.3,0.3,0.01,0.01,0.195,17,0,0.11,1.0,0.04,6.126593895265175,1.4388489208633093,1.0,2.0,4.6200000000000045,7.0,1.0101010101010102,1.0,3.0,0.5461555057239424,0.16784251436357622,0.6727684396256354,1.3615334828281727,1.0836108381840281,0.8141029473170781
Ipsundrum_Affect_readout_only,humphrey_barrett_readout_only,0,feelings,True,0.35,neutral_texture,101,2.1956521739130435,0.0454146923337941,4.368745100496008,5.985969819381097,46,117.0,17,6.882352536332204,42,2,1.0076975753030093,0.77,0.23,0.23,0.185,0.185,0.495,18,0,0.71,1.0,0.19,4.861359403183692,1.694915254237288,1.0,3.0,5.0,34.0,1.2195121951219512,1.0,34.0,0.568695093982964,0.16158007535036983,0.6301852360005291,1.2939147180511084,1.0,0.7373967062236804
Ipsundrum_Affect_readout_only,humphrey_barrett_readout_only,1,feelings,True,0.35,neutral_texture,63,2.032258064516129,0.16866093149667025,3.4740379291176224,4.154329149501754,31,57.0,15,3.7999997466666837,47,3,1.5526471623162073,0.43,0.57,0.57,0.145,0.145,0.685,116,0,0.715,1.0,0.57,2.893655507260979,3.4482758620689653,1.0,4.0,43.979999999999976,93.0,1.1627906976744187,2.0,2.0,0.5630840982018372,0.15975067106501917,0.6350574472172987,1.3107477053944883,1.0,0.7380577747648429
Ipsundrum_Affect_readout_only,humphrey_barrett_readout_only,2,feelings,True,0.35,neutral_texture,164,2.0,0.0,4.565026869329037,7.248758439731468,82,128.0,10,12.79999872000013,0,0,1.2342365506428905,0.675,0.325,0.325,0.035,0.035,0.18,18,0,0.345,1.0,0.045,6.065256862919428,1.550387596899225,1.0,2.0,4.719999999999999,9.0,1.0362694300518134,1.0,4.0,0.5561360391416007,0.16706812729677467,0.6382748707619653,1.3315918825751976,1.0,0.737000309322232
Ipsundrum_Affect_readout_only,humphrey_barrett_readout_only,3,feelings,True,0.35,neutral_texture,158,1.7954545454545454,0.11236071009937675,4.928465551717675,7.1446138326149216,88,139.0,3,46.33331788889404,0,0,1.0982227692910183,0.73,0.27,0.27,0.035,0.035,0.21,25,0,0.6,1.0,0.075,6.075061362832888,1.4388489208633093,1.0,3.0,6.0,9.0,1.0362694300518134,1.0,3.0,0.5577377706353404,0.16792137691339917,0.6388655271388725,1.326786688093979,1.0,0.7386221644631855
Ipsundrum_Affect_readout_only,humphrey_barrett_readout_only,4,feelings,True,0.35,neutral_texture,146,1.7804878048780488,0.1261351476101941,4.636436276649429,7.058562939644932,82,152.0,16,9.499999406250037,0,0,0.9511391111759744,0.79,0.21,0.21,0.03,0.03,0.27,13,0,0.515,1.0,0.035,6.032274618629424,1.3157894736842106,1.0,2.0,5.0,7.0,1.0309278350515463,1.0,3.0,0.5706211603126486,0.16575631021914358,0.6282713102599601,1.2881365190620542,1.0,0.7363417960292711
Ipsundrum_Affect_readout_only,humphrey_barrett_readout_only,5,feelings,True,0.35,neutral_texture,140,2.08955223880597,0.19293469635803695,4.439646484601702,6.8652423177102815,67,133.0,13,10.230768443787044,0,0,1.2484102484002306,0.665,0.335,0.335,0.0,0.0,0.3,24,0,0.18,1.0,0.07,5.571916235813304,1.5037593984962405,1.0,3.0,4.0,8.0,1.0,1.0,1.0,0.5312346936732572,0.17390765689411122,0.6539095307350808,1.4062959189802289,1.0,0.7351954023889219
Ipsundrum_Affect_readout_only,humphrey_barrett_readout_only,6,feelings,True,0.35,neutral_texture,151,1.986842105263158,0.2671351488110271,4.58602076001909,7.07245281508727,76,136.0,12,11.333332388888968,0,0,1.1440661602563358,0.715,0.285,0.285,0.035,0.035,0.245,22,0,0.555,1.0,0.07,5.892725675786045,1.4598540145985401,1.0,3.0,5.639999999999986,6.0,1.0309278350515463,1.0,2.0,0.5594101670063584,0.1661853683502274,0.6364591387042215,1.3217694989809246,1.0,0.736205775946043
Ipsundrum_Affect_readout_only,humphrey_barrett_readout_only,7,feelings,True,0.35,neutral_texture,144,2.2153846153846155,0.21389253048102683,4.835895540889454,7.03071023735929,65,125.0,11,11.363635330578607,0,0,1.2740525938139335,0.655,0.345,0.345,0.03,0.03,0.28,25,0,0.41,1.0,0.05,5.716157383317714,1.5873015873015872,1.0,3.0,5.0,6.0,1.0309278350515463,1.0,2.0,0.5412709159446087,0.17308115727518178,0.6476914822439873,1.3761872521661735,1.0,0.7353288336968413
Ipsundrum_Affect_readout_only,humphrey_barrett_readout_only,8,feelings,True,0.35,neutral_texture,96,2.2325581395348837,0.08079313589591118,4.3770365371641855,5.792402077209398,43,99.0,11,8.999999181818257,10,3,1.4143040128302364,0.57,0.43,0.43,0.075,0.075,0.52,57,0,0.54,1.0,0.25,4.461879537155889,2.0,1.0,3.0,15.030000000000015,18.0,1.0810810810810811,1.0,2.0,0.5592684315413347,0.16175069471297177,0.6381598891597208,1.322194705375996,1.0,0.7379197115961017
Ipsundrum_Affect_readout_only,humphrey_barrett_readout_only,9,feelings,True,0.35,neutral_texture,156,2.0526315789473686,0.0,4.706999084387895,7.149886252177382,76,132.0,6,21.999996333333943,0,0,1.2031734583778568,0.69,0.31,0.31,0.03,0.03,0.22,24,0,0.3,1.0,0.045,5.928336472993157,1.5151515151515151,1.0,3.0,5.689999999999998,8.0,1.0309278350515463,1.0,3.0,0.5848323331785279,0.15441933744961525,0.6219826341249195,1.245503000464416,1.0,0.7392698142373106
Ipsundrum_Affect_readout_only,humphrey_barrett_readout_only,10,feelings,True,0.35,neutral_texture,160,1.839080459770115,0.0454146923337941,4.765482447388764,7.104984002220652,87,136.0,16,8.499999468750033,7,2,0.9651764674595049,0.785,0.215,0.215,0.105,0.105,0.2,14,0,0.485,1.0,0.07,5.992443402019811,1.4705882352941178,1.0,2.0,9.650000000000006,13.0,1.1173184357541899,1.0,8.0,0.5840864442318985,0.15380698963169792,0.6215912787134321,1.2477406673043046,1.0,0.7385712503064397
Ipsundrum_Affect_readout_only,humphrey_barrett_readout_only,11,feelings,True,0.35,neutral_texture,67,2.09375,0.25908694643884306,3.5052310541077687,4.881165100113635,32,80.0,16,4.999999687500019,79,2,1.0654824044317124,0.745,0.255,0.255,0.345,0.345,0.665,16,1,0.635,1.0,0.375,3.7071975253695175,2.4691358024691357,1.0,3.0,23.000000000000114,55.0,1.5151515151515151,1.0,55.0,0.5515306893016184,0.16452277110940983,0.6386221851221368,1.345407932095145,1.0,0.7344195770976928
Ipsundrum_Affect_readout_only,humphrey_barrett_readout_only,12,feelings,True,0.35,neutral_texture,145,2.338709677419355,0.22194073285321086,4.861136920506414,7.0256124873160175,62,118.0,10,11.799998820000118,0,0,1.302482789168,0.64,0.36,0.36,0.05,0.05,0.275,23,0,0.345,1.0,0.05,5.609722600928701,1.680672268907563,1.0,3.0,5.819999999999993,10.0,1.0526315789473684,1.0,5.0,0.5407828574409351,0.1767398597014867,0.644292317647692,1.3776514276771945,1.0,0.7329040662234624
Ipsundrum_Affect_readout_only,humphrey_barrett_readout_only,13,feelings,True,0.35,neutral_texture,130,2.096774193548387,0.0,4.553711554391364,6.723594347346475,62,111.0,17,6.52941138062286,8,2,1.3008777274024412,0.64,0.36,0.36,0.085,0.085,0.35,33,0,0.58,1.0,0.085,5.443132787634123,1.7857142857142858,1.0,3.0,9.560000000000002,11.0,1.0869565217391304,1.0,10.0,0.5670854399448446,0.15911441972885815,0.6325807254316702,1.2987436801654662,1.0,0.7379990458970679
Ipsundrum_Affect_readout_only,humphrey_barrett_readout_only,14,feelings,True,0.35,neutral_texture,143,2.1029411764705883,0.0454146923337941,4.820646258105918,7.019386924826832,68,131.0,9,14.555553938271785,0,0,1.1810504055097846,0.7,0.3,0.3,0.045,0.045,0.285,25,0,0.425,1.0,0.055,5.738810831599125,1.5267175572519085,1.0,3.0,8.799999999999955,11.0,1.0471204188481675,1.0,5.0,0.5630739303847863,0.1646897765254543,0.6335502383679517,1.3107782088456414,1.0,0.7370308595408069
Ipsundrum_Affect_readout_only,humphrey_barrett_readout_only,15,feelings,True,0.35,neutral_texture,168,1.8064516129032258,0.08079313589591118,4.954133357219364,7.260710237359287,93,131.0,15,8.733332751111151,0,0,1.154728681510415,0.71,0.29,0.29,0.055,0.055,0.16,22,0,0.32,1.0,0.06,6.17786811220783,1.5267175572519085,1.0,3.0,6.0,8.0,1.0582010582010581,1.0,5.0,0.5711843282788291,0.16045493480812656,0.6296647445232576,1.2864470151635126,1.0,0.7382606893999066
Ipsundrum_Affect_readout_only,humphrey_barrett_readout_only,16,feelings,True,0.35,neutral_texture,136,2.3859649122807016,0.0,4.523101821068903,6.953660689688199,57,147.0,13,11.30769143786989,0,0,1.0842438299692474,0.74,0.26,0.26,0.005,0.005,0.32,15,0,0.05,1.0,0.055,5.549824031509384,1.3513513513513513,1.0,2.0,3.530000000000001,4.0,1.0,1.0,1.0,0.5783783899554819,0.1542112725371735,0.6258262175506439,1.2648648301335548,1.0,0.7387503009423548
Ipsundrum_Affect_readout_only,humphrey_barrett_readout_only,17,feelings,True,0.35,neutral_texture,155,2.3484848484848486,0.08079313589591118,4.686533674371332,7.1474351271990155,66,136.0,8,16.99999787500027,0,0,1.187510452908176,0.695,0.305,0.305,0.015,0.015,0.225,20,0,0.185,1.0,0.065,5.8153213905591175,1.4598540145985401,1.0,2.0,4.639999999999986,12.0,1.0101010101010102,1.0,2.0,0.5565637841855259,0.16837718360927847,0.6385823335778701,1.3303086474434225,1.0,0.7375118863374922
Ipsundrum_Affect_readout_only,humphrey_barrett_readout_only,18,feelings,True,0.35,neutral_texture,136,2.029850746268657,0.16866093149667025,4.742230470109237,6.891209564709836,67,132.0,10,13.199998680000133,0,0,1.2571407629326083,0.66,0.34,0.34,0.0,0.0,0.32,16,0,0.12,1.0,0.04,5.792435568335328,1.5037593984962405,1.0,2.799999999999997,3.680000000000007,4.0,1.0,1.0,1.0,0.5366009924793015,0.17881033461882737,0.6499055987310691,1.3901970225620959,1.0,0.7355721731943681
Ipsundrum_Affect_readout_only,humphrey_barrett_readout_only,19,feelings,True,0.35,neutral_texture,162,1.8409090909090908,0.0,4.677191334775021,7.11734134523071,88,137.0,13,10.538460727810714,10,2,1.0481830877759108,0.755,0.245,0.245,0.07,0.07,0.19,14,0,0.45,1.0,0.09,6.067930927610918,1.4492753623188406,1.0,2.0,5.0,14.0,1.075268817204301,1.0,12.0,0.5718150507842487,0.15785690011404943,0.6305535782971229,1.284554847647254,1.0,0.7387322478048339
Ipsundrum_Affect_modulation_only,humphrey_barrett_modulation_only,0,feelings,True,0.35,neutral_texture,152,1.876543209876543,1.0089372824905964,4.640858887382855,7.085113159965467,81,131.0,9,14.555553938271785,0,0,1.2702771017482783,0.655,0.345,0.345,0.0,0.0,0.24,28,0,0.28,1.0,0.08,5.9392405203300775,1.5267175572519085,1.0,3.0,5.0,12.0,1.0,1.0,1.0,0.45222977048589885,0.22103523902218108,0.7286287976839714,1.6433106885423034,1.1100960426832658,0.8216765819501518
Ipsundrum_Affect_modulation_only,humphrey_barrett_modulation_only,1,feelings,True,0.35,neutral_texture,108,2.25,0.6343095546405662,4.397505680762776,6.408241865628986,48,84.0,8,10.499998687500165,0,0,1.5389490393112863,0.425,0.575,0.575,0.005,0.005,0.46,59,0,0.225,1.0,0.12,4.801455562941694,2.380952380952381,2.0,4.0,8.170000000000002,9.0,1.0050251256281406,1.0,2.0,0.5047302700775744,0.18748973089337553,0.6984469495606028,1.4858091897672767,1.0934026240025112,0.816063752171253
Ipsundrum_Affect_modulation_only,humphrey_barrett_modulation_only,2,feelings,True,0.35,neutral_texture,165,2.1710526315789473,0.7162822481419997,4.759172228461173,7.228049892481086,76,121.0,9,13.444442950617452,0,0,1.3607105087030278,0.605,0.395,0.395,0.0,0.0,0.175,29,0,0.19,1.0,0.065,5.969354143559565,1.6528925619834711,1.0,3.0,4.799999999999997,13.0,1.0,1.0,1.0,0.46918019448854326,0.20567634595092557,0.7191637504462457,1.5924594165343704,1.1023872732643503,0.8180153589115862
Ipsundrum_Affect_modulation_only,humphrey_barrett_modulation_only,3,feelings,True,0.35,neutral_texture,179,1.7378640776699028,0.37871892434950694,4.717119808073108,7.397759785030372,103,139.0,13,10.692306869822549,0,0,1.1894136484272613,0.695,0.305,0.305,0.0,0.0,0.105,17,0,0.17,1.0,0.05,6.399436020416617,1.4388489208633093,1.0,2.0,3.6200000000000045,10.0,1.0,1.0,1.0,0.5102218680102429,0.19093244245272678,0.6954200185052474,1.4693343959692715,1.0950695981499112,0.8176427293691588
Ipsundrum_Affect_modulation_only,humphrey_barrett_modulation_only,4,feelings,True,0.35,neutral_texture,144,2.4827586206896552,0.8185997536789695,4.673111255298159,7.006111814666564,58,120.0,14,8.571427959183717,0,0,1.3625395427226066,0.605,0.395,0.395,0.005,0.005,0.28,36,0,0.365,1.0,0.065,5.549840576492688,1.6528925619834711,1.0,3.0,4.0,13.0,1.0050251256281406,1.0,2.0,0.4571023436700429,0.212472053493011,0.7246578360804328,1.6286929689898713,1.10578813007011,0.8218047135004792
Ipsundrum_Affect_modulation_only,humphrey_barrett_modulation_only,5,feelings,True,0.35,neutral_texture,150,2.6315789473684212,0.6680792199218833,4.558193364774289,7.048758439731469,57,109.0,11,9.909090008264545,2,4,1.4342662228306313,0.555,0.445,0.445,0.01,0.01,0.25,46,0,0.26,1.0,0.07,5.480040900021589,1.834862385321101,1.0,3.0,11.440000000000012,14.0,1.0101010101010102,1.0,3.0,0.4597782814840343,0.20789759862222965,0.723572106982891,1.620665155547897,1.1035566053338135,0.8193727146661394
Ipsundrum_Affect_modulation_only,humphrey_barrett_modulation_only,6,feelings,True,0.35,neutral_texture,174,1.74,0.9116352174352707,4.622121018540982,7.328887597476286,100,134.0,18,7.44444403086422,0,0,1.204115961670642,0.685,0.315,0.315,0.015,0.015,0.13,27,0,0.42,1.0,0.05,6.310273725411813,1.4814814814814814,1.0,3.0,5.0,10.0,1.0101010101010102,1.0,2.0,0.4777421679427774,0.2104015098754367,0.7078514516592876,1.5667734961716677,1.1048551679985932,0.8249181120360898
Ipsundrum_Affect_modulation_only,humphrey_barrett_modulation_only,7,feelings,True,0.35,neutral_texture,174,1.7938144329896908,0.7566727085033297,4.822379266467685,7.341209564709837,97,119.0,17,6.999999588235318,0,0,1.3712425574496958,0.595,0.405,0.405,0.0,0.0,0.13,38,0,0.27,1.0,0.07,6.22608084810133,1.6666666666666667,1.0,2.0,10.670000000000016,14.0,1.0,1.0,1.0,0.4690181899503411,0.20837843794577665,0.7164740434750436,1.5929454301489765,1.103809376834611,0.821849300077873
Ipsundrum_Affect_modulation_only,humphrey_barrett_modulation_only,8,feelings,True,0.35,neutral_texture,161,2.1466666666666665,1.1651613438606052,4.783407378144948,7.234984002220658,75,118.0,14,8.428570826530656,0,0,1.3820910404985092,0.59,0.41,0.41,0.0,0.0,0.195,34,0,0.27,1.0,0.045,5.920417428365788,1.694915254237288,1.0,3.0,5.0,7.0,1.0,1.0,1.0,0.42502057734007165,0.22583469323425656,0.747713916822727,1.724938267979785,1.1124021926581769,0.8204055842655015
Ipsundrum_Affect_modulation_only,humphrey_barrett_modulation_only,9,feelings,True,0.35,neutral_texture,146,1.9210526315789473,0.5843971708965612,4.315676919431892,6.919306862671815,76,119.0,3,39.66665344444885,0,0,1.3787558406823186,0.595,0.405,0.405,0.0,0.0,0.27,34,0,0.225,1.0,0.095,5.762788587446287,1.680672268907563,1.0,3.0,5.0,13.0,1.0,1.0,1.0,0.5045406694818554,0.19416821673095874,0.6973539493401845,1.4863779915544335,1.0966512849760104,0.8175582306494639
Ipsundrum_Affect_modulation_only,humphrey_barrett_modulation_only,10,feelings,True,0.35,neutral_texture,169,2.380281690140845,0.5521791902022728,4.78836313747084,7.322532877242289,71,121.0,13,9.307691591716033,0,0,1.3277281388665645,0.61,0.39,0.39,0.005,0.005,0.155,29,0,0.125,1.0,0.055,5.913713081555856,1.6528925619834711,1.0,3.0,5.0,11.0,1.0050251256281406,1.0,2.0,0.5049305032049355,0.19488187094347334,0.6955983068539786,1.4852084903851934,1.0971115740208037,0.8190235492536501
Ipsundrum_Affect_modulation_only,humphrey_barrett_modulation_only,11,feelings,True,0.35,neutral_texture,122,2.392156862745098,1.4858259384333743,4.443031272163438,6.6721418770692065,51,99.0,13,7.615384029585845,0,0,1.500598337985012,0.495,0.505,0.505,0.0,0.0,0.39,54,1,0.55,1.0,0.09,5.179366976532126,2.0202020202020203,1.0,3.0,9.0,9.0,1.0,1.0,1.0,0.4256119851580877,0.22946342247384446,0.7377394241938555,1.7231640445257372,1.114403048012165,0.8263948285214601
Ipsundrum_Affect_modulation_only,humphrey_barrett_modulation_only,12,feelings,True,0.35,neutral_texture,136,2.3859649122807016,1.2332013817879632,4.563967253228229,6.902337377155745,57,106.0,12,8.833332597222284,0,0,1.4667874903738265,0.53,0.47,0.47,0.0,0.0,0.32,44,0,0.09,1.0,0.075,5.435263743012715,1.8867924528301887,1.0,3.0,9.750000000000014,10.0,1.0,1.0,1.0,0.3974751735791006,0.23691905433834648,0.7517328497578691,1.807574479262698,1.1180502343621337,0.8274910105258273
Ipsundrum_Affect_modulation_only,humphrey_barrett_modulation_only,13,feelings,True,0.35,neutral_texture,154,1.8333333333333333,0.5048896204226208,4.590108170646153,7.052791192731913,84,139.0,11,12.636362487603412,0,0,1.1706131958626447,0.695,0.305,0.305,0.0,0.0,0.23,22,0,0.395,1.0,0.075,5.89290310372479,1.4388489208633093,1.0,2.200000000000003,4.0,10.0,1.0,1.0,1.0,0.4866690212308181,0.19851342225273583,0.7057935698085019,1.5399929363075455,1.0989125820633814,0.8204582238577685
Ipsundrum_Affect_modulation_only,humphrey_barrett_modulation_only,14,feelings,True,0.35,neutral_texture,144,2.1818181818181817,0.7494834200052206,4.759637292968631,7.051209564709834,66,115.0,7,16.42856908163299,0,0,1.400766637523055,0.58,0.42,0.42,0.005,0.005,0.28,31,0,0.115,1.0,0.065,5.678503544146943,1.7391304347826086,1.0,3.0,4.0,12.0,1.0050251256281406,1.0,2.0,0.47094987515875103,0.20863503086932295,0.715848360637269,1.587150374523747,1.103792735539969,0.819697889306703
Ipsundrum_Affect_modulation_only,humphrey_barrett_modulation_only,15,feelings,True,0.35,neutral_texture,146,2.056338028169014,0.5341309878300887,4.887024290423059,7.015612487316018,71,130.0,2,64.99996750001624,0,0,1.2832432089707286,0.65,0.35,0.35,0.0,0.0,0.27,31,0,0.09,1.0,0.065,5.740859774223586,1.5384615384615385,1.0,3.0,4.709999999999994,8.0,1.0,1.0,1.0,0.4973191170168916,0.19449775532799327,0.7009422165205854,1.5080426489493255,1.0969059743116352,0.8183473598630507
Ipsundrum_Affect_modulation_only,humphrey_barrett_modulation_only,16,feelings,True,0.35,neutral_texture,134,2.4363636363636365,0.6701846971895793,4.8263853817922735,6.882337377155745,55,124.0,4,30.999992250001938,0,0,1.3235940895999694,0.625,0.375,0.375,0.005,0.005,0.33,29,0,0.29,1.0,0.06,5.493678818712763,1.6,1.0,3.0,4.760000000000005,12.0,1.0050251256281406,1.0,2.0,0.4911855513372838,0.2015314787756117,0.7061445536399106,1.5264433459881488,1.100388242979457,0.8180189032409045
Ipsundrum_Affect_modulation_only,humphrey_barrett_modulation_only,17,feelings,True,0.35,neutral_texture,176,2.1728395061728394,0.8037153869537799,4.94029768834673,7.3649840022206545,81,119.0,15,7.93333280444448,0,0,1.3607105087030278,0.605,0.395,0.395,0.01,0.01,0.12,37,0,0.44,1.0,0.065,6.064937501140089,1.680672268907563,1.0,3.0,5.0,12.0,1.0101010101010102,1.0,2.0,0.48801073941576517,0.20540778761681594,0.7082206763660218,1.5359677817527047,1.1020045021529763,0.8201233610629878
Ipsundrum_Affect_modulation_only,humphrey_barrett_modulation_only,18,feelings,True,0.35,neutral_texture,171,2.25,0.30984673679542024,4.5279749129541615,7.31693579984847,76,125.0,9,13.888887345679185,0,0,1.3198918773262698,0.63,0.37,0.37,0.005,0.005,0.145,24,0,0.16,1.0,0.07,5.958032645729148,1.5873015873015872,1.0,2.0,5.0,10.0,1.0050251256281406,1.0,2.0,0.4854368398564835,0.19835947769333673,0.7086968989212882,1.5436894804305497,1.098681854724242,0.8180110707797987
Ipsundrum_Affect_modulation_only,humphrey_barrett_modulation_only,19,feelings,True,0.35,neutral_texture,164,1.8850574712643677,0.8565599523391383,4.754166733221725,7.237435127199015,87,125.0,3,41.6666527777824,0,0,1.3282308649180787,0.625,0.375,0.375,0.0,0.0,0.18,29,0,0.3,1.0,0.065,6.08124312578429,1.6,1.0,3.0,4.760000000000005,12.0,1.0,1.0,1.0,0.48119468766369633,0.20428849228778515,0.7100594236093554,1.5564159370089112,1.1017984568907682,0.8193610228513498
